No,Dep,Mun,Est,Zo,ET
1,1,1,D,P,1
2,1,2,C,G,1
3,1,3,A,G,1
4,1,3,D,P,1
5,1,3,D,P,2
6,1,5,A,G,1
7,1,5,C,G,1
8,1,5,C,G,2
9,1,5,D,P,1
10,1,5,D,P,1
11,1,5,D,P,2
12,1,7,C,G,1
13,1,7,C,G,1
14,1,10,B,G,1
15,1,10,C,G,1
16,1,11,B,G,1
17,1,11,C,G,1
18,1,12,B,G,1
19,1,12,C,G,1
20,1,12,D,P,1
21,1,13,A,G,1
22,1,13,A,G,2
23,1,13,C,G,1
24,1,13,C,G,2
25,1,13,D,P,1
26,1,13,D,P,2
27,1,14,A,G,1
28,1,14,A,G,1
29,1,16,A,G,1
30,1,16,A,G,1
31,1,16,A,G,1
32,1,16,A,G,1
33,1,16,A,G,1
34,1,16,C,G,1
35,1,16,C,G,1
36,1,16,C,G,1
37,2,1,C,G,1
38,2,1,C,G,1
39,2,1,C,G,2
40,2,1,D,P,1
41,2,2,D,P,1
42,2,2,D,P,1
43,2,2,D,P,1
44,2,2,D,P,1
45,2,2,D,P,1
46,2,2,D,P,2
47,2,2,D,P,2
48,2,2,D,P,2
49,2,3,D,P,1
50,2,3,D,P,2
51,2,4,A,G,1
52,2,5,A,G,1
53,2,5,A,G,2
54,2,5,D,P,1
55,2,6,A,G,1
56,2,6,C,G,1
57,2,6,D,P,1
58,2,6,D,P,1
59,2,6,D,P,2
60,2,7,C,G,1
61,2,7,D,P,1
62,2,7,D,P,1
63,2,7,D,P,2
64,2,7,D,P,2
65,2,8,D,P,1
66,3,1,C,G,1
67,3,1,C,G,1
68,3,2,C,G,1
69,3,3,A,G,1
70,3,5,B,G,1
71,3,6,B,G,1
72,3,11,B,G,1
73,3,11,B,G,1
74,3,13,B,G,1
75,3,14,A,G,1
76,3,14,B,G,1
77,3,14,B,G,1
78,3,14,D,P,1
79,3,15,D,P,1
80,4,2,C,G,1
81,4,2,D,P,1
82,4,3,C,G,1
83,4,3,C,G,1
84,4,3,C,G,1
85,4,3,D,P,1
86,4,3,D,P,1
87,4,3,D,P,1
88,4,3,D,P,1
89,4,3,D,P,1
90,4,3,D,P,1
91,4,4,B,G,1
92,4,6,B,G,1
93,4,6,C,G,1
94,4,6,C,G,1
95,4,6,C,G,1
96,4,6,C,G,1
97,4,6,C,G,1
98,4,6,C,G,1
99,4,7,B,G,1
100,4,7,B,G,1
101,4,7,C,G,1
102,4,7,D,P,1
103,4,8,A,G,1
104,4,8,C,G,1
105,4,8,D,P,1
106,4,9,C,G,1
107,4,10,B,G,1
108,4,11,A,G,1
109,4,11,C,G,1
110,4,11,C,G,1
111,4,12,A,G,1
112,4,12,C,G,1
113,4,12,C,G,1
114,4,15,C,G,1
115,4,15,C,G,1
116,4,15,C,G,1
117,5,1,A,G,1
118,5,1,A,G,1
119,5,1,A,G,1
120,5,1,A,G,1
121,5,1,A,G,1
122,5,1,C,G,1
123,5,1,C,G,1
124,5,1,D,P,1
125,5,2,A,G,1
126,5,2,A,G,1
127,5,2,A,G,1
128,5,2,A,G,1
129,5,2,A,G,1
130,5,2,A,G,1
131,5,2,A,G,1
132,5,2,A,G,1
133,5,2,A,G,1
134,5,3,A,G,1
135,5,3,A,G,1
136,5,3,A,G,1
137,5,3,A,G,1
138,5,3,A,G,1
139,5,3,A,G,1
140,5,3,A,G,1
141,5,3,A,G,1
142,5,3,A,G,2
143,5,3,A,G,2
144,5,3,A,G,2
145,5,4,A,G,1
146,5,4,A,G,1
147,5,4,A,G,1
148,5,4,A,G,1
149,5,4,A,G,1
150,5,4,A,G,1
151,5,4,A,G,1
152,5,4,C,G,1
153,5,4,C,G,1
154,5,4,C,G,1
155,5,5,A,G,1
156,5,5,A,G,1
157,5,5,A,G,1
158,5,5,A,G,1
159,5,5,A,G,1
160,5,5,A,G,2
161,5,5,D,P,1
162,5,6,A,G,1
163,5,6,A,G,1
164,5,6,A,G,1
165,5,6,A,G,1
166,5,6,A,G,1
167,5,6,A,G,1
168,5,6,A,G,1
169,5,6,A,G,1
170,5,6,A,G,1
171,5,6,A,G,1
172,5,6,A,G,1
173,5,6,A,G,1
174,5,6,A,G,1
175,5,6,A,G,1
176,5,6,A,G,2
177,5,6,A,G,2
178,5,6,A,G,2
179,5,6,A,G,2
180,5,6,A,G,2
181,5,6,A,G,2
182,5,7,A,G,1
183,5,7,A,G,1
184,5,7,A,G,1
185,5,7,A,G,1
186,5,7,A,G,1
187,5,7,A,G,1
188,5,7,A,G,1
189,5,7,A,G,1
190,5,7,A,G,1
191,5,7,A,G,1
192,5,7,A,G,1
193,5,7,A,G,1
194,5,7,A,G,1
195,5,7,A,G,1
196,5,7,A,G,2
197,5,7,A,G,2
198,5,7,A,G,2
199,5,7,A,G,2
200,5,7,A,G,2
201,5,7,A,G,2
202,5,8,A,G,1
203,5,8,A,G,1
204,5,8,A,G,1
205,5,8,A,G,1
206,5,8,A,G,2
207,5,8,C,G,1
208,5,8,C,G,1
209,5,8,C,G,2
210,5,8,C,G,2
211,5,9,A,G,1
212,5,9,A,G,1
213,5,9,A,G,1
214,5,9,A,G,1
215,5,9,A,G,1
216,5,9,A,G,1
217,5,9,A,G,1
218,5,9,A,G,1
219,5,9,A,G,1
220,5,9,A,G,2
221,5,9,A,G,2
222,5,9,A,G,2
223,5,9,A,G,2
224,5,9,A,G,2
225,5,9,A,G,2
226,5,9,C,G,1
227,5,10,A,G,1
228,5,10,A,G,1
229,5,10,A,G,2
230,5,11,A,G,1
231,5,11,D,P,1
232,5,12,A,G,1
233,5,12,A,G,1
234,5,12,A,G,1
235,5,12,A,G,2
236,5,13,A,G,1
237,5,13,A,G,1
238,5,13,A,G,1
239,5,13,A,G,1
240,5,13,A,G,1
241,5,13,A,G,1
242,5,13,A,G,1
243,5,13,A,G,1
244,5,13,A,G,1
245,5,13,A,G,1
246,5,13,A,G,1
247,5,13,A,G,1
248,5,13,A,G,1
249,5,13,A,G,1
250,5,13,A,G,1
251,5,13,A,G,1
252,5,13,A,G,2
253,5,13,A,G,2
254,5,13,A,G,2
255,5,13,A,G,2
256,5,13,A,G,2
257,5,13,A,G,2
258,5,13,A,G,2
259,5,13,A,G,2
260,5,13,A,G,2
261,5,13,C,G,1
262,5,13,C,G,2
263,5,14,A,G,1
264,5,14,A,G,1
265,5,14,A,G,1
266,5,14,A,G,1
267,5,14,A,G,1
268,5,14,A,G,2
269,5,14,A,G,2
270,6,1,D,P,1
271,6,2,A,G,1
272,6,2,A,G,1
273,6,2,A,G,1
274,6,2,A,G,1
275,6,2,A,G,1
276,6,2,A,G,1
277,6,2,A,G,1
278,6,2,A,G,1
279,6,2,C,G,1
280,6,2,C,G,1
281,6,3,A,G,1
282,6,4,C,G,1
283,6,5,C,G,1
284,6,5,D,P,1
285,6,6,A,G,1
286,6,6,C,G,1
287,6,6,C,G,2
288,6,6,D,P,1
289,6,6,D,P,1
290,6,6,D,P,2
291,6,6,D,P,2
292,6,8,A,G,1
293,6,8,A,G,1
294,6,8,A,G,1
295,6,8,A,G,1
296,6,8,A,G,1
297,6,8,A,G,1
298,6,8,A,G,1
299,6,8,A,G,1
300,6,8,A,G,1
301,6,8,A,G,1
302,6,8,A,G,1
303,6,8,A,G,2
304,6,8,A,G,2
305,6,8,A,G,2
306,6,8,A,G,2
307,6,8,A,G,2
308,6,8,A,G,2
309,6,8,C,G,1
310,6,8,C,G,1
311,6,8,C,G,1
312,6,8,C,G,2
313,6,8,C,G,2
314,6,8,C,G,2
315,6,8,D,P,1
316,6,9,A,G,1
317,6,9,A,G,1
318,6,9,A,G,1
319,6,9,A,G,1
320,6,9,A,G,1
321,6,9,A,G,1
322,6,9,A,G,1
323,6,9,A,G,1
324,6,9,A,G,1
325,6,9,A,G,1
326,6,9,A,G,1
327,6,9,A,G,1
328,6,9,A,G,2
329,6,9,A,G,2
330,6,9,A,G,2
331,6,9,A,G,2
332,6,9,C,G,1
333,6,9,C,G,1
334,6,9,C,G,1
335,6,9,C,G,2
336,6,9,D,P,1
337,6,10,A,G,1
338,6,10,A,G,1
339,6,10,C,G,1
340,6,10,C,G,1
341,6,10,C,G,1
342,6,10,C,G,2
343,6,11,A,G,1
344,6,12,A,G,1
345,6,12,A,G,1
346,6,12,A,G,1
347,6,12,C,G,1
348,6,13,A,G,1
349,6,13,A,G,1
350,6,13,A,G,1
351,6,13,A,G,1
352,6,13,A,G,1
353,6,13,A,G,1
354,6,13,A,G,2
355,6,13,A,G,2
356,6,13,A,G,2
357,6,13,A,G,2
358,6,13,C,G,1
359,6,13,C,G,2
360,6,14,A,G,1
361,6,14,A,G,1
362,6,14,A,G,1
363,6,14,A,G,1
364,6,14,C,G,1
365,7,1,B,G,1
366,7,1,B,G,1
367,7,5,A,G,1
368,7,6,A,G,1
369,7,6,C,G,1
370,7,9,C,G,1
371,7,12,C,G,1
372,7,13,A,G,1
373,7,13,A,G,1
374,7,13,A,G,1
375,7,13,C,G,1
376,7,17,B,G,1
377,7,18,D,P,1
378,7,18,D,P,1
379,7,19,A,G,1
380,7,19,A,G,1
381,7,19,B,G,1
382,7,19,C,G,1
383,7,19,C,G,1
384,7,19,C,G,1
385,8,1,B,G,1
386,8,1,B,G,1
387,8,1,C,G,1
388,8,2,B,G,1
389,8,2,B,G,1
390,8,3,B,G,1
391,8,3,C,G,1
392,8,3,C,G,1
393,8,5,B,G,1
394,8,5,C,G,1
395,8,5,D,P,1
396,8,5,D,P,1
397,8,6,C,G,1
398,9,1,C,G,1
399,9,1,D,P,1
400,9,2,B,G,1
401,9,2,B,G,1
402,9,3,C,G,1
403,9,4,B,G,1
404,9,4,D,P,1
405,9,6,D,P,1
406,9,9,C,G,1
407,9,12,B,G,1
408,9,16,A,G,1
409,9,16,C,G,1
410,9,17,A,G,1
411,9,17,A,G,1
412,9,17,A,G,1
413,9,17,A,G,1
414,9,17,A,G,1
415,9,17,A,G,2
416,9,19,A,G,1
417,9,19,A,G,1
418,9,19,A,G,2
419,9,20,A,G,1
420,9,20,A,G,1
421,9,20,A,G,1
422,9,20,A,G,1
423,9,20,A,G,1
424,9,20,A,G,1
425,9,20,A,G,1
426,9,20,A,G,1
427,9,20,A,G,2
428,9,20,A,G,2
429,9,20,A,G,2
430,9,20,A,G,2
431,9,20,A,G,2
432,9,20,A,G,2
433,9,20,A,G,2
434,9,21,A,G,1
435,9,21,A,G,1
436,9,21,A,G,1
437,9,21,A,G,1
438,9,21,A,G,2
439,9,22,A,G,1
440,9,22,A,G,1
441,9,22,A,G,2
442,9,24,D,P,1
443,10,1,A,G,1
444,10,2,A,G,1
445,10,2,A,G,1
446,10,2,A,G,1
447,10,2,A,G,1
448,10,2,A,G,1
449,10,2,A,G,2
450,10,2,A,G,2
451,10,2,A,G,2
452,10,3,A,G,1
453,10,3,A,G,1
454,10,3,A,G,1
455,10,3,A,G,1
456,10,4,A,G,1
457,10,4,A,G,2
458,10,5,A,G,1
459,10,5,A,G,1
460,10,5,A,G,2
461,10,5,A,G,2
462,10,6,A,G,1
463,10,6,A,G,1
464,10,6,A,G,1
465,10,6,A,G,2
466,10,7,A,G,1
467,10,7,A,G,1
468,10,7,A,G,1
469,10,7,A,G,2
470,10,7,A,G,2
471,10,7,A,G,2
472,10,7,C,G,1
473,10,7,C,G,2
474,10,13,A,G,1
475,10,13,A,G,1
476,10,13,A,G,1
477,10,13,A,G,1
478,10,13,A,G,1
479,10,13,A,G,1
480,10,13,A,G,1
481,10,13,A,G,2
482,10,13,A,G,2
483,10,13,A,G,2
484,10,14,A,G,1
485,10,14,A,G,1
486,10,14,A,G,2
487,10,14,C,G,1
488,10,14,C,G,2
489,10,15,A,G,1
490,10,15,A,G,1
491,10,15,A,G,1
492,10,15,A,G,1
493,10,15,A,G,1
494,10,15,A,G,1
495,10,15,A,G,2
496,10,17,A,G,1
497,10,20,A,G,1
498,10,20,A,G,1
499,10,20,A,G,1
500,10,20,A,G,2
501,10,21,A,G,1
502,10,21,A,G,1
503,10,21,A,G,1
504,10,21,A,G,1
505,10,21,A,G,2
506,10,21,A,G,2
507,10,21,A,G,2
508,10,21,A,G,2
509,11,1,A,G,1
510,11,1,A,G,1
511,11,1,A,G,1
512,11,1,A,G,1
513,11,1,A,G,1
514,11,1,A,G,2
515,11,1,A,G,2
516,11,1,A,G,2
517,11,1,C,G,1
518,11,1,C,G,1
519,11,1,C,G,1
520,11,1,C,G,1
521,11,1,C,G,1
522,11,1,C,G,2
523,11,1,C,G,2
524,11,1,D,P,1
525,11,2,D,P,1
526,11,2,D,P,2
527,11,3,A,G,1
528,11,3,A,G,1
529,11,3,A,G,1
530,11,3,A,G,2
531,11,3,C,G,1
532,11,3,C,G,2
533,11,5,A,G,1
534,11,5,A,G,2
535,11,5,C,G,1
536,11,5,C,G,2
537,11,6,A,G,1
538,11,6,A,G,1
539,11,6,A,G,1
540,11,6,A,G,1
541,11,6,A,G,1
542,11,6,A,G,1
543,11,6,A,G,1
544,11,6,A,G,1
545,11,6,A,G,1
546,11,6,A,G,1
547,11,6,A,G,2
548,11,6,A,G,2
549,11,6,A,G,2
550,11,6,A,G,2
551,11,6,A,G,2
552,11,6,A,G,2
553,11,6,A,G,2
554,11,6,A,G,2
555,11,6,C,G,1
556,11,6,D,P,1
557,11,7,A,G,1
558,11,7,A,G,1
559,11,7,A,G,1
560,11,7,A,G,1
561,11,7,A,G,1
562,11,7,A,G,2
563,11,7,A,G,2
564,11,7,A,G,2
565,11,7,A,G,2
566,11,7,D,P,1
567,11,8,A,G,1
568,11,8,A,G,2
569,11,8,C,G,1
570,11,8,C,G,1
571,11,8,C,G,2
572,11,8,C,G,2
573,11,8,D,P,1
574,11,8,D,P,2
575,11,9,A,G,1
576,11,9,A,G,1
577,11,9,A,G,2
578,12,1,B,G,1
579,12,1,C,G,1
580,12,2,C,G,1
581,12,4,B,G,1
582,12,4,B,G,1
583,12,4,B,G,1
584,12,4,C,G,1
585,12,5,C,G,1
586,12,5,C,G,1
587,12,5,D,P,1
588,12,6,B,G,1
589,12,6,D,P,1
590,12,7,B,G,1
591,12,7,B,G,1
592,12,7,C,G,1
593,12,7,C,G,1
594,12,7,C,G,1
595,12,7,D,P,1
596,12,9,B,G,1
597,12,10,C,G,1
598,12,11,A,G,1
599,12,11,A,G,1
600,12,11,A,G,1
601,12,12,A,G,1
602,12,12,A,G,2
603,12,12,ML,ML,ML
604,12,12,ML,ML,ML
605,12,12,ML,ML,ML
606,12,13,A,G,1
607,12,13,A,G,1
608,12,13,A,G,1
609,12,13,A,G,1
610,12,13,A,G,1
611,12,13,A,G,2
612,12,13,A,G,2
613,12,13,A,G,2
614,12,14,A,G,1
615,12,15,A,G,1
616,12,15,A,G,1
617,12,15,A,G,1
618,12,15,A,G,1
619,12,15,A,G,2
620,12,15,A,G,2
621,12,15,A,G,2
622,12,15,D,P,1
623,12,15,D,P,2
624,12,16,A,G,1
625,12,17,A,G,1
626,12,17,A,G,1
627,12,17,A,G,1
628,12,17,A,G,1
629,12,17,A,G,2
630,12,17,A,G,2
631,12,18,A,G,1
632,12,18,A,G,1
633,12,18,A,G,1
634,12,18,A,G,1
635,12,18,A,G,2
636,12,18,A,G,2
637,12,18,C,G,1
638,12,19,A,G,1
639,12,19,A,G,1
640,12,20,A,G,1
641,12,20,A,G,1
642,12,20,A,G,1
643,12,21,A,G,1
644,12,21,A,G,1
645,12,21,A,G,2
646,12,22,A,G,1
647,12,22,A,G,2
648,12,23,B,G,1
649,12,23,B,G,1
650,12,23,D,P,1
651,12,24,B,G,1
652,12,24,C,G,1
653,12,25,A,G,1
654,12,25,A,G,1
655,12,27,C,G,1
656,12,27,C,G,1
657,12,29,C,G,1
658,12,30,A,G,1
659,12,30,A,G,1
660,12,30,A,G,1
661,13,1,B,G,1
662,13,1,C,G,1
663,13,2,C,G,1
664,13,2,C,G,1
665,13,2,C,G,1
666,13,3,D,P,1
667,13,5,C,G,1
668,13,5,C,G,1
669,13,5,C,G,1
670,13,5,C,P,1
671,13,5,D,G,1
672,13,5,D,G,1
673,13,7,C,G,1
674,13,7,D,P,1
675,13,8,B,G,1
676,13,9,C,G,1
677,13,11,A,P,1
678,13,12,A,G,1
679,13,12,A,G,1
680,13,12,A,G,1
681,13,12,A,G,1
682,13,12,A,P,1
683,13,12,C,G,1
684,13,12,C,G,1
685,13,12,C,G,1
686,13,12,C,G,1
687,13,12,C,G,1
688,13,12,C,G,1
689,13,13,D,P,1
690,13,14,C,G,1
691,13,14,C,G,1
692,13,15,B,G,1
693,13,15,C,G,1
694,13,15,C,G,1
695,13,15,D,P,1
696,13,16,C,G,1
697,13,17,C,G,1
698,13,18,C,P,1
699,13,22,C,G,1
700,13,23,C,G,1
701,13,23,C,G,1
702,13,23,D,P,1
703,13,24,C,G,1
704,13,26,A,P,1
705,13,26,A,P,1
706,13,26,A,P,1
707,13,26,A,P,1
708,13,26,A,P,1
709,13,26,A,P,2
710,13,26,A,P,2
711,13,26,A,P,2
712,13,26,A,P,2
713,13,26,A,P,2
714,13,26,C,G,1
715,13,26,C,G,1
716,13,26,C,G,1
717,13,26,C,G,1
718,13,26,C,G,2
719,13,26,C,G,2
720,13,26,C,G,2
721,13,26,D,P,1
722,13,26,D,G,1
723,13,26,D,G,1
724,13,26,D,G,2
725,13,26,D,G,2
726,13,27,B,G,1
727,13,27,C,G,1
728,13,27,C,G,1
729,13,31,C,G,1
730,13,32,A,G,1
731,13,33,A,P,1
732,14,2,B,G,1
733,14,2,C,G,1
734,14,2,C,G,1
735,14,2,D,P,1
736,14,3,C,G,1
737,14,4,A,G,1
738,14,4,C,G,1
739,14,4,C,G,1
740,14,4,C,G,1
741,14,4,C,G,1
742,14,4,C,G,1
743,14,4,D,P,1
744,14,5,D,P,1
745,14,5,D,P,1
746,14,5,D,P,2
747,14,5,D,P,2
748,14,9,C,G,1
749,14,9,C,G,1
750,14,9,C,G,1
751,14,9,C,G,1
752,14,10,B,G,1
753,14,11,A,G,1
754,14,11,A,G,1
755,14,11,C,G,1
756,14,11,D,P,1
757,14,12,B,G,1
758,14,12,B,G,1
759,14,12,C,G,1
760,14,12,C,G,1
761,14,12,C,G,1
762,14,12,C,G,1
763,14,13,A,P,1
764,14,13,A,P,2
765,14,13,B,G,1
766,14,13,C,G,1
767,14,13,C,G,1
768,14,13,C,G,1
769,14,13,C,G,1
770,14,13,C,G,1
771,14,13,C,G,1
772,14,13,C,G,1
773,14,13,C,G,2
774,14,13,D,P,1
775,14,13,D,P,1
776,14,14,C,G,1
777,14,14,D,P,1
778,14,15,A,G,1
779,14,15,A,G,1
780,14,15,A,G,1
781,14,15,A,G,1
782,14,15,A,P,1
783,14,15,B,G,1
784,14,15,C,G,1
785,14,15,C,G,1
786,14,15,C,G,1
787,14,15,D,P,1
788,14,15,D,P,1
789,14,16,B,G,1
790,14,16,C,G,1
791,14,16,C,G,1
792,14,16,C,G,1
793,14,16,C,G,1
794,14,16,C,G,1
795,14,16,D,P,1
796,14,16,D,P,1
797,14,16,D,P,1
798,14,16,D,P,1
799,14,17,C,G,1
800,14,18,D,P,1
801,14,19,B,G,1
802,14,19,C,G,1
803,14,19,C,G,1
804,14,19,C,G,1
805,14,19,C,G,1
806,14,19,C,G,1
807,14,20,A,P,1
808,14,20,A,P,1
809,14,20,A,P,1
810,14,20,A,P,2
811,14,20,A,P,2
812,14,20,A,P,2
813,14,20,C,G,1
814,14,20,C,G,1
815,14,20,C,G,1
816,14,20,C,G,1
817,14,20,C,G,1
818,14,20,C,P,1
819,14,20,C,P,1
820,14,20,C,P,1
821,14,20,C,P,1
822,14,20,C,G,2
823,14,20,C,P,2
824,14,20,C,P,2
825,14,20,C,P,2
826,14,20,C,P,2
827,14,20,D,P,1
828,14,20,D,G,1
829,14,20,D,G,1
830,14,20,D,G,1
831,14,20,D,G,1
832,14,20,D,G,1
833,14,20,D,G,1
834,14,20,D,G,1
835,14,20,D,G,1
836,14,20,D,G,1
837,14,20,D,G,2
838,14,20,D,G,2
839,14,20,D,G,2
840,14,20,D,G,2
841,14,20,D,G,2
842,14,20,D,G,2
843,14,21,C,G,1
844,14,21,C,G,1
845,15,1,A,G,1
846,15,1,A,G,1
847,15,1,A,G,1
848,15,1,A,G,2
849,15,1,A,G,2
850,15,1,A,G,2
851,15,1,C,G,1
852,15,1,C,G,1
853,15,1,C,G,1
854,15,1,C,G,2
855,15,1,D,P,1
856,15,1,D,P,1
857,15,1,D,P,1
858,15,1,D,P,2
859,15,1,D,P,2
860,15,1,D,P,2
861,15,2,D,P,1
862,15,2,D,P,1
863,15,2,D,P,1
864,15,2,D,P,1
865,15,2,D,P,2
866,15,2,D,P,2
867,15,3,B,G,1
868,15,3,B,G,2
869,15,3,C,G,1
870,15,3,C,G,2
871,15,3,D,P,1
872,15,3,D,P,1
873,15,3,D,P,2
874,15,4,C,G,1
875,15,4,C,G,1
876,15,4,C,G,1
877,15,4,C,G,1
878,15,4,C,G,1
879,15,4,D,P,1
880,15,4,D,P,1
881,15,4,D,P,1
882,15,6,C,G,1
883,15,6,D,P,1
884,15,6,D,P,1
885,15,6,D,P,1
886,15,6,D,P,2
887,15,7,A,G,1
888,15,7,A,G,2
889,15,7,D,P,1
890,15,7,D,P,1
891,15,7,D,P,1
892,15,7,D,P,2
893,15,7,D,P,2
894,15,7,D,P,2
895,15,8,A,G,1
896,16,1,A,P,1
897,16,1,A,P,2
898,16,1,B,G,1
899,16,1,C,G,1
900,16,1,C,G,1
901,16,1,C,G,1
902,16,1,C,G,1
903,16,1,C,G,1
904,16,1,C,G,1
905,16,1,C,G,1
906,16,1,C,G,1
907,16,1,C,G,1
908,16,1,C,G,2
909,16,1,C,G,2
910,16,1,D,P,1
911,16,1,D,P,1
912,16,1,D,P,1
913,16,1,D,P,1
914,16,1,D,P,1
915,16,1,D,P,1
916,16,1,D,P,1
917,16,1,D,P,1
918,16,1,D,P,1
919,16,1,D,G,1
920,16,1,D,G,1
921,16,1,D,G,1
922,16,1,D,P,2
923,16,1,D,P,2
924,16,1,D,P,2
925,16,1,D,P,2
926,16,1,D,P,2
927,16,1,D,G,2
928,16,1,D,G,2
929,16,2,C,G,1
930,16,2,D,P,1
931,16,3,A,G,1
932,16,3,C,G,1
933,16,3,C,G,1
934,16,3,C,G,1
935,16,3,D,P,1
936,16,3,D,P,1
937,16,4,C,G,1
938,16,5,A,G,1
939,16,6,A,G,1
940,16,7,A,G,1
941,16,7,A,G,1
942,16,7,A,G,1
943,16,7,A,G,1
944,16,7,A,G,2
945,16,7,A,G,2
946,16,7,C,G,1
947,16,7,C,G,1
948,16,7,D,P,1
949,16,7,D,P,2
950,16,7,ML,ML,ML
951,16,7,ML,ML,ML
952,16,7,ML,ML,ML
953,16,7,ML,ML,ML
954,16,7,ML,ML,ML
955,16,7,ML,ML,ML
956,16,8,A,G,1
957,16,8,A,G,1
958,16,8,A,G,1
959,16,8,A,G,1
960,16,8,A,G,1
961,16,8,A,G,2
962,16,8,A,G,2
963,16,8,A,G,2
964,16,8,A,G,2
965,16,8,C,G,1
966,16,8,C,G,1
967,16,8,C,G,1
968,16,8,C,G,1
969,16,8,C,G,2
970,16,8,C,G,2
971,16,8,C,G,2
972,16,8,C,G,2
973,16,9,A,G,1
974,16,9,A,G,1
975,16,9,A,G,1
976,16,9,A,G,1
977,16,9,A,G,1
978,16,9,A,G,1
979,16,9,B,G,1
980,16,9,C,G,1
981,16,9,C,G,1
982,16,9,C,G,1
983,16,9,C,G,1
984,16,9,C,G,1
985,16,9,C,G,1
986,16,9,C,G,1
987,16,9,C,G,1
988,16,9,C,G,2
989,16,9,C,G,2
990,16,9,C,G,2
991,16,9,D,P,1
992,16,9,D,P,1
993,16,9,D,P,1
994,16,9,D,P,1
995,16,9,D,P,1
996,16,9,D,P,2
997,16,10,A,G,1
998,16,10,B,G,1
999,16,10,C,G,1
1000,16,10,C,G,1
1001,16,10,C,G,1
1002,16,10,C,G,1
1003,16,10,C,G,1
1004,16,10,D,P,1
1005,16,11,C,G,1
1006,16,11,C,G,1
1007,16,11,C,G,2
1008,16,11,C,G,2
1009,16,11,D,P,1
1010,16,11,D,P,1
1011,16,11,D,P,1
1012,16,11,D,P,2
1013,16,11,D,P,2
1014,16,12,A,G,1
1015,16,12,A,G,1
1016,16,12,A,P,1
1017,16,12,A,P,1
1018,16,12,A,P,2
1019,16,12,C,G,1
1020,16,12,D,P,1
1021,16,13,A,P,1
1022,16,13,A,P,1
1023,16,13,A,P,1
1024,16,13,A,P,2
1025,16,13,A,P,2
1026,16,13,A,P,3
1027,16,13,A,P,3
1028,16,13,C,P,1
1029,16,13,C,P,1
1030,16,13,C,P,1
1031,16,13,C,P,1
1032,16,13,C,P,2
1033,16,13,C,P,2
1034,16,13,C,P,2
1035,16,13,C,P,2
1036,16,13,C,P,3
1037,16,13,C,P,3
1038,16,13,C,P,3
1039,16,13,D,G,1
1040,16,13,D,G,1
1041,16,13,D,G,1
1042,16,13,D,G,1
1043,16,13,D,G,1
1044,16,13,D,G,1
1045,16,13,D,G,2
1046,16,13,D,G,2
1047,16,13,D,G,2
1048,16,13,D,G,2
1049,16,13,D,G,2
1050,16,13,D,G,3
1051,16,14,C,G,1
1052,16,14,C,G,2
1053,16,14,D,P,1
1054,16,14,D,P,2
1055,16,15,A,P,1
1056,16,15,A,P,1
1057,16,15,A,P,1
1058,16,15,A,P,1
1059,16,15,A,P,1
1060,16,15,A,P,1
1061,16,15,A,P,1
1062,16,15,A,P,2
1063,16,15,A,P,2
1064,16,15,A,P,2
1065,16,15,A,P,2
1066,16,15,A,P,2
1067,16,15,A,P,2
1068,16,15,C,G,1
1069,16,15,C,G,1
1070,16,15,C,G,1
1071,16,15,C,G,1
1072,16,15,C,G,1
1073,16,15,C,G,1
1074,16,15,C,G,1
1075,16,15,C,G,1
1076,16,15,C,G,1
1077,16,15,C,P,1
1078,16,15,C,G,2
1079,16,15,C,G,2
1080,16,15,C,G,2
1081,16,15,C,G,2
1082,16,15,C,G,2
1083,16,15,C,G,2
1084,16,15,C,G,2
1085,16,15,C,G,2
1086,16,15,C,G,2
1087,16,15,C,P,2
1088,16,15,C,G,3
1089,16,15,D,P,1
1090,16,15,D,G,1
1091,16,15,D,G,1
1092,16,15,D,P,2
1093,16,16,C,G,1
1094,16,16,C,G,2
1095,16,17,A,P,1
1096,16,17,A,P,1
1097,16,17,A,P,2
1098,16,17,A,P,2
1099,16,17,A,P,3
1100,16,17,C,G,1
1101,16,17,C,G,1
1102,16,17,C,P,1
1103,16,17,C,G,2
1104,16,17,C,G,2
1105,16,17,C,G,3
1106,16,17,C,G,3
1107,16,17,D,P,1
1108,16,17,D,P,1
1109,16,17,D,P,1
1110,16,17,D,G,1
1111,16,17,D,G,1
1112,16,17,D,P,2
1113,16,17,D,P,2
1114,16,17,D,P,2
1115,16,17,D,G,2
1116,16,17,D,G,2
1117,16,17,D,G,3
1118,16,17,D,G,3
1119,17,1,D,G,1
1120,17,1,D,G,1
1121,17,1,D,G,1
1122,17,1,D,G,1
1123,17,1,D,G,1
1124,17,1,D,G,1
1125,17,1,D,G,2
1126,17,1,D,G,2
1127,17,1,D,G,3
1128,17,1,D,G,3
1129,17,2,D,G,1
1130,17,3,D,G,1
1131,17,3,D,G,1
1132,17,3,D,G,1
1133,17,3,D,G,1
1134,17,3,D,G,1
1135,17,3,D,G,1
1136,17,3,D,G,2
1137,17,3,D,G,2
1138,17,3,D,G,2
1139,17,3,D,G,2
1140,17,3,D,G,2
1141,17,3,D,G,3
1142,17,3,D,G,3
1143,17,3,D,G,3
1144,17,3,D,G,3
1145,17,3,D,G,3
1146,17,3,D,G,3
1147,17,4,D,G,1
1148,17,4,D,G,1
1149,17,4,D,G,1
1150,17,4,D,G,1
1151,17,4,D,G,1
1152,17,4,D,G,1
1153,17,4,D,G,1
1154,17,4,D,G,2
1155,17,4,D,G,2
1156,17,4,D,G,3
1157,17,4,D,G,3
1158,17,5,C,P,1
1159,17,5,C,P,1
1160,17,5,C,P,1
1161,17,5,C,P,1
1162,17,5,C,P,1
1163,17,5,C,P,1
1164,17,5,C,P,2
1165,17,5,C,P,2
1166,17,5,C,P,2
1167,17,5,C,P,2
1168,17,5,C,P,2
1169,17,5,C,P,2
1170,17,5,C,P,3
1171,17,5,C,P,3
1172,17,5,C,P,3
1173,17,5,C,P,3
1174,17,5,C,P,3
1175,17,5,C,P,3
1176,17,5,D,G,1
1177,17,5,D,G,1
1178,17,5,D,G,1
1179,17,5,D,G,1
1180,17,5,D,G,1
1181,17,5,D,G,1
1182,17,5,D,G,1
1183,17,5,D,G,1
1184,17,5,D,G,1
1185,17,5,D,G,1
1186,17,5,D,G,1
1187,17,5,D,G,1
1188,17,5,D,G,1
1189,17,5,D,G,1
1190,17,5,D,G,1
1191,17,5,D,G,1
1192,17,5,D,G,1
1193,17,5,D,G,1
1194,17,5,D,G,1
1195,17,5,D,G,1
1196,17,5,D,G,2
1197,17,5,D,G,2
1198,17,5,D,G,2
1199,17,5,D,G,2
1200,17,5,D,G,2
1201,17,5,D,G,2
1202,17,5,D,G,2
1203,17,5,D,G,2
1204,17,5,D,G,2
1205,17,5,D,G,2
1206,17,5,D,G,2
1207,17,5,D,G,2
1208,17,5,D,G,2
1209,17,5,D,G,2
1210,17,5,D,G,2
1211,17,5,D,G,2
1212,17,5,D,G,2
1213,17,5,D,G,2
1214,17,5,D,G,3
1215,17,5,D,G,3
1216,17,5,D,G,3
1217,17,5,D,G,3
1218,17,5,D,G,3
1219,17,5,D,G,3
1220,17,5,D,G,3
1221,17,5,D,G,3
1222,17,5,D,G,3
1223,17,5,D,G,3
1224,17,5,D,G,3
1225,17,5,D,G,3
1226,17,5,D,G,3
1227,17,5,D,G,3
1228,17,5,D,G,3
1229,17,5,D,G,3
1230,17,5,D,G,3
1231,17,5,D,G,3
1232,17,6,A,P,1
1233,17,6,A,P,1
1234,17,6,A,P,1
1235,17,6,A,P,1
1236,17,6,A,P,2
1237,17,6,A,P,2
1238,17,6,A,P,2
1239,17,6,A,P,3
1240,17,6,A,P,3
1241,17,6,A,P,3
1242,17,6,C,P,1
1243,17,6,C,P,1
1244,17,6,C,P,1
1245,17,6,C,P,1
1246,17,6,C,P,1
1247,17,6,C,P,1
1248,17,6,C,P,1
1249,17,6,C,P,1
1250,17,6,C,P,1
1251,17,6,C,P,2
1252,17,6,C,P,2
1253,17,6,C,P,2
1254,17,6,C,P,2
1255,17,6,C,P,2
1256,17,6,C,P,2
1257,17,6,C,P,2
1258,17,6,C,P,3
1259,17,6,C,P,3
1260,17,6,C,P,3
1261,17,6,C,P,3
1262,17,6,C,P,3
1263,17,6,C,P,3
1264,17,6,C,P,3
1265,17,6,C,P,3
1266,17,6,D,G,1
1267,17,6,D,G,1
1268,17,6,D,G,1
1269,17,6,D,G,1
1270,17,6,D,G,1
1271,17,6,D,G,1
1272,17,6,D,G,1
1273,17,6,D,G,1
1274,17,6,D,G,1
1275,17,6,D,G,1
1276,17,6,D,G,2
1277,17,6,D,G,2
1278,17,6,D,G,2
1279,17,6,D,G,2
1280,17,6,D,G,2
1281,17,6,D,G,2
1282,17,6,D,G,2
1283,17,6,D,G,3
1284,17,6,D,G,3
1285,17,6,D,G,3
1286,17,6,D,G,3
1287,17,6,D,G,3
1288,17,6,D,G,3
1289,17,6,D,G,3
1290,17,6,D,G,3
1291,17,6,D,G,3
1292,17,7,A,P,1
1293,17,7,A,P,1
1294,17,7,A,P,2
1295,17,7,A,P,3
1296,17,7,C,P,1
1297,17,7,C,P,1
1298,17,7,C,P,1
1299,17,7,C,P,1
1300,17,7,C,P,1
1301,17,7,C,P,1
1302,17,7,C,P,1
1303,17,7,C,P,1
1304,17,7,C,P,2
1305,17,7,C,P,2
1306,17,7,C,P,2
1307,17,7,C,P,2
1308,17,7,C,P,2
1309,17,7,C,P,2
1310,17,7,C,P,3
1311,17,7,C,P,3
1312,17,7,C,P,3
1313,17,7,C,P,3
1314,17,7,C,P,3
1315,17,7,C,P,3
1316,17,7,D,G,1
1317,17,7,D,G,1
1318,17,7,D,G,1
1319,17,7,D,G,1
1320,17,7,D,G,1
1321,17,7,D,G,1
1322,17,7,D,G,2
1323,17,7,D,G,2
1324,17,7,D,G,2
1325,17,7,D,G,2
1326,17,7,D,G,2
1327,17,7,D,G,3
1328,17,7,D,G,3
1329,17,7,D,G,3
1330,17,7,D,G,3
1331,17,7,D,G,3
1332,17,8,A,P,1
1333,17,8,A,P,1
1334,17,8,A,P,1
1335,17,8,A,P,1
1336,17,8,A,P,1
1337,17,8,A,P,2
1338,17,8,A,P,2
1339,17,8,A,P,2
1340,17,8,A,P,3
1341,17,8,A,P,3
1342,17,8,A,P,3
1343,17,8,C,P,1
1344,17,8,C,P,1
1345,17,8,C,P,1
1346,17,8,C,P,2
1347,17,8,C,P,2
1348,17,8,C,P,3
1349,17,8,C,P,3
1350,17,8,D,G,1
1351,17,8,D,G,1
1352,17,8,D,G,1
1353,17,8,D,G,1
1354,17,8,D,G,1
1355,17,8,D,G,1
1356,17,8,D,G,1
1357,17,8,D,G,1
1358,17,8,D,G,2
1359,17,8,D,G,2
1360,17,8,D,G,2
1361,17,8,D,G,2
1362,17,8,D,G,2
1363,17,8,D,G,2
1364,17,8,D,G,3
1365,17,8,D,G,3
1366,17,8,D,G,3
1367,17,8,D,G,3
1368,17,8,D,G,3
1369,17,8,D,G,3
1370,17,9,A,P,1
1371,17,9,A,P,1
1372,17,9,A,P,1
1373,17,9,A,P,1
1374,17,9,A,P,1
1375,17,9,A,P,1
1376,17,9,A,P,1
1377,17,9,A,P,1
1378,17,9,A,P,1
1379,17,9,A,P,1
1380,17,9,A,P,2
1381,17,9,A,P,2
1382,17,9,A,P,2
1383,17,9,A,P,2
1384,17,9,A,P,2
1385,17,9,A,P,2
1386,17,9,A,P,2
1387,17,9,A,P,2
1388,17,9,A,P,3
1389,17,9,A,P,3
1390,17,9,A,P,3
1391,17,9,A,P,3
1392,17,9,A,P,3
1393,17,9,A,P,3
1394,17,9,A,P,3
1395,17,9,A,P,3
1396,17,9,C,G,1
1397,17,9,C,P,1
1398,17,9,C,P,1
1399,17,9,C,P,1
1400,17,9,C,P,1
1401,17,9,C,P,1
1402,17,9,C,P,1
1403,17,9,C,P,1
1404,17,9,C,P,1
1405,17,9,C,P,1
1406,17,9,C,P,1
1407,17,9,C,P,1
1408,17,9,C,P,1
1409,17,9,C,P,1
1410,17,9,C,P,1
1411,17,9,C,P,1
1412,17,9,C,P,1
1413,17,9,C,P,1
1414,17,9,C,P,2
1415,17,9,C,P,2
1416,17,9,C,P,2
1417,17,9,C,P,2
1418,17,9,C,P,2
1419,17,9,C,P,2
1420,17,9,C,P,2
1421,17,9,C,P,2
1422,17,9,C,P,2
1423,17,9,C,P,2
1424,17,9,C,P,2
1425,17,9,C,P,3
1426,17,9,C,P,3
1427,17,9,C,P,3
1428,17,9,C,P,3
1429,17,9,C,P,3
1430,17,9,C,P,3
1431,17,9,C,P,3
1432,17,9,C,P,3
1433,17,9,C,P,3
1434,17,9,C,P,3
1435,17,9,C,P,3
1436,17,9,C,P,3
1437,17,9,C,P,3
1438,17,9,C,P,3
1439,17,9,D,G,1
1440,17,9,D,G,1
1441,17,9,D,G,1
1442,17,9,D,G,1
1443,17,9,D,G,1
1444,17,9,D,G,1
1445,17,9,D,G,1
1446,17,9,D,G,1
1447,17,9,D,G,1
1448,17,9,D,G,1
1449,17,9,D,G,1
1450,17,9,D,G,1
1451,17,9,D,G,1
1452,17,9,D,G,1
1453,17,9,D,G,1
1454,17,9,D,G,1
1455,17,9,D,G,1
1456,17,9,D,G,1
1457,17,9,D,G,1
1458,17,9,D,G,2
1459,17,9,D,G,2
1460,17,9,D,G,2
1461,17,9,D,G,2
1462,17,9,D,G,2
1463,17,9,D,G,2
1464,17,9,D,G,2
1465,17,9,D,G,2
1466,17,9,D,G,2
1467,17,9,D,G,2
1468,17,9,D,G,2
1469,17,9,D,G,2
1470,17,9,D,G,2
1471,17,9,D,G,2
1472,17,9,D,G,2
1473,17,9,D,G,2
1474,17,9,D,G,2
1475,17,9,D,G,3
1476,17,9,D,G,3
1477,17,9,D,G,3
1478,17,9,D,G,3
1479,17,9,D,G,3
1480,17,9,D,G,3
1481,17,9,D,G,3
1482,17,9,D,G,3
1483,17,9,D,G,3
1484,17,9,D,G,3
1485,17,9,D,G,3
1486,17,9,D,G,3
1487,17,9,D,G,3
1488,17,9,D,G,3
1489,17,9,D,G,3
1490,17,9,D,G,3
1491,17,9,D,G,3
1492,17,9,D,G,3
1493,17,10,A,P,1
1494,17,10,A,P,1
1495,17,10,A,P,1
1496,17,10,A,P,1
1497,17,10,A,P,1
1498,17,10,A,P,1
1499,17,10,A,P,2
1500,17,10,A,P,2
1501,17,10,A,P,2
1502,17,10,A,P,2
1503,17,10,A,P,2
1504,17,10,A,P,2
1505,17,10,A,P,3
1506,17,10,A,P,3
1507,17,10,A,P,3
1508,17,10,A,P,3
1509,17,10,A,P,3
1510,17,10,A,P,3
1511,17,10,C,P,1
1512,17,10,C,P,1
1513,17,10,C,P,1
1514,17,10,C,P,1
1515,17,10,C,P,1
1516,17,10,C,P,1
1517,17,10,C,P,1
1518,17,10,C,P,1
1519,17,10,C,P,1
1520,17,10,C,P,1
1521,17,10,C,P,1
1522,17,10,C,P,1
1523,17,10,C,P,1
1524,17,10,C,P,1
1525,17,10,C,P,1
1526,17,10,C,P,1
1527,17,10,C,P,1
1528,17,10,C,P,1
1529,17,10,C,P,1
1530,17,10,C,P,1
1531,17,10,C,P,1
1532,17,10,C,P,1
1533,17,10,C,P,1
1534,17,10,C,P,1
1535,17,10,C,P,1
1536,17,10,C,P,1
1537,17,10,C,P,1
1538,17,10,C,P,2
1539,17,10,C,P,2
1540,17,10,C,P,2
1541,17,10,C,P,2
1542,17,10,C,P,2
1543,17,10,C,P,2
1544,17,10,C,P,2
1545,17,10,C,P,2
1546,17,10,C,P,2
1547,17,10,C,P,2
1548,17,10,C,P,2
1549,17,10,C,P,2
1550,17,10,C,P,2
1551,17,10,C,P,2
1552,17,10,C,P,2
1553,17,10,C,P,2
1554,17,10,C,P,2
1555,17,10,C,P,2
1556,17,10,C,P,2
1557,17,10,C,P,2
1558,17,10,C,P,2
1559,17,10,C,P,2
1560,17,10,C,P,2
1561,17,10,C,P,2
1562,17,10,C,P,3
1563,17,10,C,P,3
1564,17,10,C,P,3
1565,17,10,C,P,3
1566,17,10,C,P,3
1567,17,10,C,P,3
1568,17,10,C,P,3
1569,17,10,C,P,3
1570,17,10,C,P,3
1571,17,10,C,P,3
1572,17,10,C,P,3
1573,17,10,C,P,3
1574,17,10,C,P,3
1575,17,10,C,P,3
1576,17,10,C,P,3
1577,17,10,C,P,3
1578,17,10,C,P,3
1579,17,10,C,P,3
1580,17,10,C,P,3
1581,17,10,C,P,3
1582,17,10,C,P,3
1583,17,10,C,P,3
1584,17,10,C,P,3
1585,17,10,C,P,3
1586,17,10,C,P,3
1587,17,10,D,G,1
1588,17,10,D,G,1
1589,17,10,D,G,1
1590,17,10,D,G,1
1591,17,10,D,G,1
1592,17,10,D,G,1
1593,17,10,D,G,1
1594,17,10,D,G,1
1595,17,10,D,G,1
1596,17,10,D,G,1
1597,17,10,D,G,1
1598,17,10,D,G,2
1599,17,10,D,G,2
1600,17,10,D,G,2
1601,17,10,D,G,2
1602,17,10,D,G,2
1603,17,10,D,G,2
1604,17,10,D,G,2
1605,17,10,D,G,2
1606,17,10,D,G,2
1607,17,10,D,G,2
1608,17,10,D,G,3
1609,17,10,D,G,3
1610,17,10,D,G,3
1611,17,10,D,G,3
1612,17,10,D,G,3
1613,17,10,D,G,3
1614,17,10,D,G,3
1615,17,10,D,G,3
1616,17,10,D,G,3
1617,17,10,D,G,3
1618,17,10,D,G,3
1619,17,11,A,P,1
1620,17,11,A,P,1
1621,17,11,A,P,1
1622,17,11,A,P,1
1623,17,11,C,P,1
1624,17,11,C,P,1
1625,17,11,D,G,1
1626,17,11,D,G,1
1627,17,11,D,G,1
1628,17,11,D,G,1
1629,17,12,A,P,1
1630,17,12,A,P,1
1631,17,12,A,P,1
1632,17,12,A,P,2
1633,17,12,A,P,2
1634,17,12,A,P,3
1635,17,12,A,P,3
1636,17,12,A,P,3
1637,17,12,C,P,1
1638,17,12,C,P,2
1639,17,12,C,P,3
1640,17,12,C,P,3
1641,17,12,D,G,1
1642,17,12,D,G,1
1643,17,12,D,G,1
1644,17,12,D,G,1
1645,17,12,D,G,1
1646,17,12,D,G,2
1647,17,12,D,G,2
1648,17,12,D,G,2
1649,17,12,D,G,2
1650,17,12,D,G,2
1651,17,12,D,G,3
1652,17,12,D,G,3
1653,17,12,D,G,3
1654,17,12,D,G,3
1655,17,12,D,G,3
1656,17,13,A,P,1
1657,17,13,A,P,1
1658,17,13,A,P,1
1659,17,13,A,P,1
1660,17,13,A,P,1
1661,17,13,A,P,1
1662,17,13,A,P,1
1663,17,13,A,P,1
1664,17,13,A,P,1
1665,17,13,A,P,1
1666,17,13,A,P,1
1667,17,13,A,P,1
1668,17,13,A,P,1
1669,17,13,A,P,2
1670,17,13,A,P,2
1671,17,13,A,P,2
1672,17,13,A,P,2
1673,17,13,A,P,2
1674,17,13,A,P,2
1675,17,13,A,P,2
1676,17,13,A,P,2
1677,17,13,A,P,2
1678,17,13,A,P,2
1679,17,13,A,P,2
1680,17,13,A,P,2
1681,17,13,A,P,2
1682,17,13,A,P,3
1683,17,13,A,P,3
1684,17,13,A,P,3
1685,17,13,A,P,3
1686,17,13,A,P,3
1687,17,13,A,P,3
1688,17,13,A,P,3
1689,17,13,A,P,3
1690,17,13,A,P,3
1691,17,13,A,P,3
1692,17,13,A,P,3
1693,17,13,A,P,3
1694,17,13,A,P,3
1695,17,13,C,P,1
1696,17,13,C,P,1
1697,17,13,C,P,1
1698,17,13,C,P,1
1699,17,13,C,P,1
1700,17,13,C,P,2
1701,17,13,C,P,2
1702,17,13,C,P,2
1703,17,13,C,P,2
1704,17,13,C,P,2
1705,17,13,C,P,3
1706,17,13,C,P,3
1707,17,13,C,P,3
1708,17,13,C,P,3
1709,17,13,C,P,3
1710,17,13,D,G,1
1711,17,13,D,G,1
1712,17,13,D,G,1
1713,17,13,D,G,1
1714,17,13,D,G,2
1715,17,13,D,G,2
1716,17,13,D,G,2
1717,17,13,D,G,2
1718,17,13,D,G,3
1719,17,13,D,G,3
1720,17,13,D,G,3
1721,17,14,A,P,1
1722,17,14,A,P,1
1723,17,14,C,P,1
1724,17,14,C,P,1
1725,17,14,C,P,1
1726,17,14,C,P,1
1727,17,14,C,P,1
1728,17,14,C,P,2
1729,17,14,C,P,2
1730,17,14,C,P,2
1731,17,14,C,P,2
1732,17,14,C,P,3
1733,17,14,C,P,3
1734,17,14,C,P,3
1735,17,14,C,P,3
1736,17,14,D,G,1
1737,17,14,D,G,1
1738,17,14,D,G,1
1739,17,14,D,G,1
1740,17,14,D,G,1
1741,17,14,D,G,2
1742,17,14,D,G,2
1743,17,14,D,G,2
1744,17,14,D,G,3
1745,17,14,D,G,3
1746,17,14,D,G,3
1747,17,14,D,G,3
1748,18,1,A,P,1
1749,18,1,A,P,1
1750,18,1,A,P,1
1751,18,1,A,P,1
1752,18,1,C,G,1
1753,18,1,C,G,1
1754,18,1,C,G,1
1755,18,1,C,G,1
1756,18,1,C,G,1
1757,18,1,C,G,1
1758,18,1,D,P,1
1759,18,1,D,P,1
1760,18,1,D,P,1
1761,18,1,D,P,1
1762,18,1,D,P,1
1763,18,2,A,P,1
1764,18,2,A,P,1
1765,18,2,C,G,1
1766,18,2,C,G,1
1767,18,2,C,G,1
1768,18,2,C,G,2
1769,18,2,D,P,1
1770,18,2,D,P,1
1771,18,2,D,P,1
1772,18,2,D,P,1
1773,18,2,D,G,1
1774,18,2,D,G,1
1775,18,2,D,G,1
1776,18,2,D,G,2
1777,18,2,D,G,2
1778,18,2,D,G,2
1779,18,3,A,G,1
1780,18,3,A,G,1
1781,18,3,A,G,1
1782,18,3,A,G,2
1783,18,3,C,G,1
1784,18,3,C,G,1
1785,18,3,C,G,2
1786,18,3,D,P,1
1787,18,3,D,P,1
1788,18,3,D,P,1
1789,18,3,D,P,1
1790,18,3,D,P,1
1791,18,3,D,P,1
1792,18,4,A,G,1
1793,18,4,A,G,1
1794,18,4,A,G,1
1795,18,4,A,G,1
1796,18,4,A,G,1
1797,18,4,A,G,1
1798,18,4,A,P,1
1799,18,4,A,G,2
1800,18,4,D,P,1
1801,18,4,D,P,1
1802,18,4,D,P,1
1803,18,4,D,P,2
1804,18,5,A,G,1
1805,18,5,A,G,1
1806,18,5,A,G,1
1807,18,5,A,G,1
1808,18,5,A,G,2
1809,18,5,C,G,1
1810,19,1,A,G,1
1811,19,1,A,G,1
1812,19,1,A,G,1
1813,19,1,A,G,1
1814,19,1,A,G,2
1815,19,1,A,G,2
1816,19,1,A,G,2
1817,19,1,D,P,1
1818,19,1,D,P,1
1819,19,1,D,P,2
1820,19,1,D,P,2
1821,19,2,C,G,1
1822,19,2,C,G,1
1823,19,3,A,G,1
1824,19,3,A,G,2
1825,19,3,C,G,1
1826,19,3,C,G,1
1827,19,3,C,G,2
1828,19,4,A,G,1
1829,19,4,A,G,1
1830,19,4,A,G,1
1831,19,4,A,G,1
1832,19,4,A,G,2
1833,19,4,A,G,2
1834,19,4,A,G,2
1835,19,4,C,G,1
1836,19,4,C,G,1
1837,19,4,C,G,1
1838,19,4,C,G,2
1839,19,4,C,G,2
1840,19,4,C,G,2
1841,19,4,D,P,1
1842,19,4,D,P,1
1843,19,4,D,P,2
1844,19,5,C,G,1
1845,19,7,C,G,1
1846,19,7,C,G,1
1847,19,8,C,G,1
1848,19,8,C,G,1
1849,19,8,C,G,2
1850,19,8,C,G,2
1851,19,9,A,G,1
1852,19,9,A,G,2
1853,19,9,C,G,1
1854,19,9,C,G,1
1855,19,9,C,G,1
1856,19,9,C,G,1
1857,19,9,C,G,2
1858,19,9,C,G,2
1859,19,9,C,G,2
1860,19,9,C,G,2
1861,19,10,D,P,1
1862,19,10,D,P,1
1863,19,10,D,P,2
1864,19,10,D,P,2
1865,20,1,C,G,1
1866,20,1,C,G,1
1867,20,1,C,G,1
1868,20,1,C,G,1
1869,20,1,C,G,1
1870,20,1,C,G,2
1871,20,1,C,G,2
1872,20,1,C,G,2
1873,20,1,C,G,2
1874,20,1,C,G,2
1875,20,1,D,P,1
1876,20,1,D,P,2
1877,20,2,C,G,1
1878,20,2,C,G,2
1879,20,3,C,G,1
1880,20,3,C,G,1
1881,20,3,C,G,2
1882,20,3,C,G,2
1883,20,4,A,G,1
1884,20,4,A,G,1
1885,20,4,A,G,2
1886,20,4,A,G,2
1887,20,4,C,G,1
1888,20,5,C,G,1
1889,20,5,C,G,1
1890,20,5,C,G,2
1891,20,5,C,G,2
1892,20,5,D,P,1
1893,20,5,D,P,2
1894,20,6,A,G,1
1895,20,6,A,G,1
1896,20,6,A,G,2
1897,20,6,A,G,2
1898,20,6,C,G,1
1899,20,6,C,G,2
1900,20,7,A,G,1
1901,20,7,A,G,2
1902,20,7,C,G,1
1903,20,7,C,G,1
1904,20,7,D,P,1
1905,20,7,D,P,1
1906,20,7,D,P,1
1907,20,7,D,P,1
1908,20,7,D,P,2
1909,20,7,D,P,2
1910,20,7,D,P,2
1911,20,9,A,G,1
1912,20,9,A,G,2
1913,20,9,C,G,1
1914,20,9,C,G,2
1915,20,9,D,P,1
1916,20,9,D,P,2
1917,20,10,A,G,1
1918,20,10,A,G,2
1919,20,11,C,G,1
1920,20,11,C,G,2
1921,20,11,D,P,1
1922,20,11,D,P,1
1923,20,11,D,P,2
1924,20,11,D,P,2
1925,20,11,ML,ML,ML
1926,20,11,ML,ML,ML
1927,20,11,ML,ML,ML
1928,20,11,ML,ML,ML
1929,20,11,ML,ML,ML
1930,20,11,ML,ML,ML
1931,21,1,B,G,1
1932,21,1,B,G,1
1933,21,1,B,G,1
1934,21,1,C,G,1
1935,21,1,C,G,1
1936,21,1,C,G,1
1937,21,1,C,G,1
1938,21,1,C,G,1
1939,21,1,C,G,1
1940,21,1,C,G,2
1941,21,1,C,G,2
1942,21,1,C,G,2
1943,21,1,C,G,2
1944,21,1,C,G,2
1945,21,1,D,P,1
1946,21,1,D,P,1
1947,21,1,D,P,2
1948,21,1,D,P,2
1949,21,2,A,G,1
1950,21,2,A,G,1
1951,21,2,A,G,2
1952,21,2,A,G,2
1953,21,2,C,G,1
1954,21,2,C,G,1
1955,21,2,C,G,1
1956,21,2,C,G,1
1957,21,2,C,G,2
1958,21,2,C,G,2
1959,21,2,C,G,2
1960,21,2,C,G,2
1961,21,2,D,P,1
1962,21,2,D,P,1
1963,21,2,D,P,1
1964,21,2,D,P,1
1965,21,2,D,P,2
1966,21,2,D,P,2
1967,21,2,D,P,2
1968,21,2,D,P,2
1969,21,3,A,G,1
1970,21,3,A,G,2
1971,21,3,C,G,1
1972,21,3,C,G,1
1973,21,3,C,G,1
1974,21,3,C,G,2
1975,21,3,C,G,2
1976,21,3,C,G,2
1977,21,3,D,P,1
1978,21,3,D,P,1
1979,21,3,D,P,2
1980,21,4,C,G,1
1981,21,4,C,G,2
1982,21,5,C,G,1
1983,21,5,C,G,1
1984,21,6,A,G,1
1985,21,6,A,G,2
1986,21,6,C,G,1
1987,21,6,C,G,1
1988,21,6,C,G,2
1989,21,6,C,G,2
1990,21,6,D,P,1
1991,21,6,D,P,1
1992,21,6,D,P,2
1993,21,6,D,P,2
1994,21,7,A,G,1
1995,21,7,C,G,1
1996,22,1,A,G,1
1997,22,1,A,G,1
1998,22,1,A,G,1
1999,22,1,A,G,1
2000,22,1,A,G,1
2001,22,1,A,G,1
2002,22,1,A,G,2
2003,22,1,A,G,2
2004,22,1,A,G,2
2005,22,1,A,G,2
2006,22,1,C,G,1
2007,22,1,C,G,1
2008,22,1,C,G,1
2009,22,1,C,G,2
2010,22,1,D,P,1
2011,22,1,D,P,1
2012,22,1,D,P,2
2013,22,2,A,G,1
2014,22,2,A,G,2
2015,22,2,C,G,1
2016,22,2,C,G,2
2017,22,2,ML,ML,ML
2018,22,3,A,G,1
2019,22,3,A,G,2
2020,22,3,C,G,1
2021,22,3,C,G,2
2022,22,4,A,G,1
2023,22,4,A,G,2
2024,22,4,C,G,1
2025,22,4,C,G,1
2026,22,4,C,G,1
2027,22,4,C,G,1
2028,22,4,C,G,1
2029,22,4,C,G,2
2030,22,4,C,G,2
2031,22,4,C,G,2
2032,22,4,C,G,2
2033,22,4,C,G,2
2034,22,4,D,P,1
2035,22,4,D,P,1
2036,22,4,D,P,1
2037,22,4,D,P,2
2038,22,4,D,P,2
2039,22,4,D,P,2
2040,22,4,ML,ML,ML
2041,22,4,ML,ML,ML
2042,22,4,ML,ML,ML
2043,22,4,ML,ML,ML
2044,22,5,A,G,1
2045,22,5,A,G,1
2046,22,5,A,G,1
2047,22,5,A,G,2
2048,22,5,A,G,2
2049,22,5,A,G,2
2050,22,5,C,G,1
2051,22,5,C,G,1
2052,22,5,C,G,1
2053,22,5,C,G,2
2054,22,5,C,G,2
2055,22,5,C,G,2
2056,22,5,D,P,1
2057,22,5,D,P,1
2058,22,5,D,P,2
2059,22,5,D,P,2
2060,22,6,C,G,1
2061,22,6,C,G,2
2062,22,8,A,G,1
2063,22,8,A,G,2
2064,22,8,D,P,1
2065,22,8,D,P,2
2066,22,10,A,G,1
2067,22,10,A,G,1
2068,22,10,A,G,2
2069,22,10,A,G,2
2070,22,12,A,G,1
2071,22,12,A,G,1
2072,22,12,A,G,2
2073,22,12,A,G,2
2074,22,12,C,G,1
2075,22,12,C,G,1
2076,22,12,C,G,1
2077,22,12,C,G,1
2078,22,12,C,G,2
2079,22,12,C,G,2
2080,22,12,C,G,2
2081,22,13,A,G,1
2082,22,13,A,G,1
2083,22,13,A,G,2
2084,22,13,A,G,2
2085,22,13,C,G,1
2086,22,13,C,G,1
2087,22,13,C,G,2
2088,22,13,C,G,2
2089,22,13,D,P,1
2090,22,13,D,P,2
2091,22,14,A,G,1
2092,22,14,A,G,1
2093,22,14,A,G,1
2094,22,14,A,G,1
2095,22,14,A,G,1
2096,22,14,A,G,2
2097,22,14,A,G,2
2098,22,14,A,G,2
2099,22,14,A,G,2
2100,22,14,C,G,1
2101,22,14,C,G,1
2102,22,14,C,G,1
2103,22,14,C,G,2
2104,22,14,C,G,2
2105,22,14,D,P,1
2106,22,14,D,P,2
2107,22,15,A,G,1
2108,22,15,A,G,1
2109,22,15,A,G,2
2110,22,15,D,P,1
2111,22,15,D,P,2
2112,22,16,A,G,1
2113,22,16,A,G,1
2114,22,16,A,G,1
2115,22,16,A,G,1
2116,22,16,A,G,2
2117,22,16,A,G,2
2118,22,17,A,G,1
2119,22,17,A,G,1
2120,22,17,A,G,2
2121,22,17,A,G,2
2122,22,17,D,P,1
2123,22,17,D,P,2
